{"cameraMode":{"drawMode":0,"name":"Shaded","section":"Shading Mode"},"sceneLighting":true,"audioPlay":false,"sceneViewState":{"showFog":true,"showMaterialUpdate":false,"showSkybox":true,"showFlares":true,"showImageEffects":true,"showParticleSystems":true,"showVisualEffectGraphs":true,"m_FxEnabled":true},"in2DMode":false,"pivot":{"x":-0.3966712951660156,"y":0.5169076919555664,"z":0.0611720085144043},"rotation":{"x":-0.07831906527280808,"y":0.8942211866378784,"z":-0.17272737622261048,"w":-0.4054628908634186},"size":3.9073946475982668,"orthographic":false}