{"cameraMode":{"drawMode":0,"name":"Shaded","section":"Shading Mode"},"sceneLighting":true,"audioPlay":false,"sceneViewState":{"showFog":true,"showMaterialUpdate":false,"showSkybox":true,"showFlares":true,"showImageEffects":true,"showParticleSystems":true,"showVisualEffectGraphs":true,"m_FxEnabled":true},"in2DMode":false,"pivot":{"x":15.410911560058594,"y":-0.3961315155029297,"z":-4.245913505554199},"rotation":{"x":0.026954101398587228,"y":0.9647365808486939,"z":-0.23793834447860719,"w":0.10928692668676377},"size":9.263995170593262,"orthographic":false}